[Header],
FileFormatVersion,2
RunName,LG_001
RunDescription,Landscape genomics pool 1
InstrumentPlatform,NextSeq1k2k
IndexOrientation,Forward

[Reads]
Read1Cycles,151
Read2Cycles,151
Index1Cycles,8
Index2Cycles,8

[BCLConvert_Settings]
SoftwareVersion,4.2.7
OverrideCycles,Y151;I8;I8;Y151
FastqCompressionFormat,gzip
NoLaneSplitting,true

[BCLConvert_Data]
Sample_ID,Index,Index2
M077965_M789_7A,TTACCGAC,CGAATACG
M077979_M789_8G,TCGTCTGA,GTCCTTGA
M004446_M031_2D,TTCCAGGT,CAGTGCTT
M076381_M772_2H,TACGGTCT,TCCATTGC
M078686_M797_1B,AAGACCGT,GTCGATTG
M078692_M797_1H,CAGGTTCA,ATAACGCC
M086773_M881_6B,AGTGACCT,TCTAGGAG
M086769_M881_5F,AGCCTATC,TGCGTAAC
M004466_M031_4H,TCATCTCC,CTTGCTAG
M004452_M031_3B,CCAGTATC,AGCGAGAT
M076382_M772_3A,TTGCGAGA,TATGGCAC
M076372_M772_1G,GAACGAAG,GAATCACC
M078688_M797_1D,CGAATTGC,GTAAGGTG
M078698_M797_2F,GGAAGAGA,CGAGAGAA
M078689_M797_1E,TCGGATTC,CGCAACTA
M007591_M064_1D,CTGTACCA,CACAGACT
M086813_M881_11B,GCAATTCC,CTCGAACA
M005604_M043_4F,GTCCTAAG,AGCTACCA
M005579_M043_1E,GCGTTAGA,CAGCATAC
M077964_M789_6H,CAAGGTAC,CGTATCTC
M077975_M789_8C,AGACCTTG,TTACGTGC
M077986_M789_9F,GTCGTTAC,AGCTAAGC
M004465_M031_4G,ATCTGACC,CTCGACTT
M076368_M772_1C,TCCTCATG,GTACACCT
M078008_M789_12D,AGGATAGC,CCAAGGTT
M078711_M797_4C,GGAGGAAT,GAACGGTT
M078694_M797_2B,GACGTCAT,CCAGTTGA
M007630_M064_6C,TCCACGTT,GGTTGAAC
M004453_M031_3C,GTCAGTCA,CGGCATTA
M004444_M031_2B,CCTTCCAT,CACGCAAT
M078007_M789_12C,CGAATACG,TTACCGAC
M007601_M064_2F,TCTAGGAG,AGTGACCT
M007625_M064_5F,TGCGTAAC,AGCCTATC
M004984_M036_11B,AGCGAGAT,CCAGTATC
M006760_M055_5E,GAATCACC,GAACGAAG
M006764_M055_6A,GTAAGGTG,CGAATTGC
M086821_M881_12B,TGGAAGCA,GAGAGTAC
M079054_M800_11B,CTCGAACA,GCAATTCC
M005583_M043_2A,AGCTACCA,GTCCTAAG
M005592_M043_3B,CAGCATAC,GCGTTAGA
M006773_M055_7B,CGTATCTC,CAAGGTAC
M006766_M055_6C,TTACGTGC,AGACCTTG
M079076_M801_1H,CTTCACTG,CTTAGGAC
M086826_M881_12G,CTTCGGTT,AACCAGAG
M004526_M031_12D,GATAGCCA,CAACACAG
M077113_M779_10D,CCACAACA,GTACCACA
M006800_M055_10E,GTGCACGA,TGATAGGC
M004989_M036_11G,ATGTTCCT,TCAGCGCC
M004983_M036_11A,CATTATGG,AGTCACAT
M079191_M802_4C,AACACCAC,GGTGTGAG
M079205_M802_6A,ACCTCTTC,CTTGCATA
M079957_M810_4A,GTCCGATC,GCCAATCC
M079946_M810_2F,CGCTCTTA,CATACCGT
M080026_M810_12F,CTGAGCTC,ATCAGAGC
M079258_M802_12F,ACGAATCC,ATTACCCA
M079248_M802_11D,GTCTGAGT,GACTTGTG
M079251_M802_11G,CCTAAACT,ACGAGGAG
M078752_M797_9D,TGTCACAC,TAATCTCG
M078764_M797_10H,GATATGAA,TACGGCAG
M078780_M797_12H,AAGTGTGG,TGCCCATC
M004182_M028_5D,GTTGGCGT,CAGCAGTC
M004147_M028_1A,TAGCTGGC,TACCGGCT
M077089_M779_7D,GACTTGTG,GTGCACGA
M077920_M789_1D,CAGGTAAG,CTCGAAAT
M076816_M776_9C,AAGGAGAC,CTCACAAC
M076851_M777_1F,AGTCAGGT,GTAACCAC
M078169_M791_8E,ACCGTAAG,CATATCCA
M079547_M805_12G,TTCAATAG,TCCCACGA
M079484_M805_4H,GTTTGCTC,ACCAACAG
M079485_M805_5A,AGAAGCCT,GTCAGTAT
M004479_M031_6E,CTAGGTTG,ATTCGAGC
M004487_M031_7E,TGTGTCAG,CACCTGTA
M004477_M031_6C,AGAACCAG,CCGACTCT
M004225_M028_10G,ATTGGACA,TTGCTGGA
M004226_M028_10H,ACCCGTTG,CAGCTTCG
M007878_M067_1C,ACCGGAGT,AAGGAAGG
M007766_M065_11C,CTTGACGA,GCACACAA
M007450_M062_7G,CACTAGAC,TGAGGACT
M007456_M062_8E,TTGCGTTA,TTCCCGAA
M076895_M777_7B,CCTATGCA,GAGTCGAT
M076891_M777_6F,CAACCGAG,TACCTGTG
M007907_M067_4H,TCAGCGCC,ATGTTCCT
M007908_M067_5A,AGTCACAT,CATTATGG
M007902_M067_4C,CCTTTCAC,TCTTGTTT
M076176_M770_1C,CTTTCCCT,GGCTTACT
M076692_M775_5G,GACAATTC,ACGATATG
M076706_M775_7E,ACACGACT,ATCCGCAG
M086592_M879_7E,CCTGTCAA,ATGGCTGT
M086603_M879_8H,CCATCCGC,AAGGCGTA
M007742_M065_8C,GGTGTGAG,AACACCAC
M006803_M055_10H,CTTGCATA,ACCTCTTC
M006806_M055_11C,GCCAATCC,GTCCGATC
M006807_M055_11D,ATGCCGGT,GAGGACCA
M004955_M036_7E,CATACCGT,CGCTCTTA
M078766_M797_11B,ATGGCTGT,CCTGTCAA
M078771_M797_11G,AAGGCGTA,CCATCCGC
M086735_M881_1D,TACGGCAG,GATATGAA
M076702_M775_7A,CAGCAGTC,GTTGGCGT
M076712_M775_8C,TACCGGCT,TAGCTGGC
M079477_M805_4A,CTCGAAAT,CAGGTAAG
M077119_M779_11B,GAGTCGAT,CCTATGCA
M077120_M779_11C,TACCTGTG,CAACCGAG

[Cloud_Settings]
GeneratedVersion,1.17.0.202502170515

[Cloud_Data]
Sample_ID,ProjectName,LibraryName,LibraryPrepKitName,IndexAdapterKitName
M077965_M789_7A,LGRun1,M077965_M789_7A_TTACCGAC_CGAATACG,,
M077979_M789_8G,LGRun1,M077979_M789_8G_TCGTCTGA_GTCCTTGA,,
M004446_M031_2D,LGRun1,M004446_M031_2D_TTCCAGGT_CAGTGCTT,,
M076381_M772_2H,LGRun1,M076381_M772_2H_TACGGTCT_TCCATTGC,,
M078686_M797_1B,LGRun1,M078686_M797_1B_AAGACCGT_GTCGATTG,,
M078692_M797_1H,LGRun1,M078692_M797_1H_CAGGTTCA_ATAACGCC,,
M086773_M881_6B,LGRun1,M086773_M881_6B_AGTGACCT_TCTAGGAG,,
M086769_M881_5F,LGRun1,M086769_M881_5F_AGCCTATC_TGCGTAAC,,
M004466_M031_4H,LGRun1,M004466_M031_4H_TCATCTCC_CTTGCTAG,,
M004452_M031_3B,LGRun1,M004452_M031_3B_CCAGTATC_AGCGAGAT,,
M076382_M772_3A,LGRun1,M076382_M772_3A_TTGCGAGA_TATGGCAC,,
M076372_M772_1G,LGRun1,M076372_M772_1G_GAACGAAG_GAATCACC,,
M078688_M797_1D,LGRun1,M078688_M797_1D_CGAATTGC_GTAAGGTG,,
M078698_M797_2F,LGRun1,M078698_M797_2F_GGAAGAGA_CGAGAGAA,,
M078689_M797_1E,LGRun1,M078689_M797_1E_TCGGATTC_CGCAACTA,,
M007591_M064_1D,LGRun1,M007591_M064_1D_CTGTACCA_CACAGACT,,
M086813_M881_11B,LGRun1,M086813_M881_11B_GCAATTCC_CTCGAACA,,
M005604_M043_4F,LGRun1,M005604_M043_4F_GTCCTAAG_AGCTACCA,,
M005579_M043_1E,LGRun1,M005579_M043_1E_GCGTTAGA_CAGCATAC,,
M077964_M789_6H,LGRun1,M077964_M789_6H_CAAGGTAC_CGTATCTC,,
M077975_M789_8C,LGRun1,M077975_M789_8C_AGACCTTG_TTACGTGC,,
M077986_M789_9F,LGRun1,M077986_M789_9F_GTCGTTAC_AGCTAAGC,,
M004465_M031_4G,LGRun1,M004465_M031_4G_ATCTGACC_CTCGACTT,,
M076368_M772_1C,LGRun1,M076368_M772_1C_TCCTCATG_GTACACCT,,
M078008_M789_12D,LGRun1,M078008_M789_12D_AGGATAGC_CCAAGGTT,,
M078711_M797_4C,LGRun1,M078711_M797_4C_GGAGGAAT_GAACGGTT,,
M078694_M797_2B,LGRun1,M078694_M797_2B_GACGTCAT_CCAGTTGA,,
M007630_M064_6C,LGRun1,M007630_M064_6C_TCCACGTT_GGTTGAAC,,
M004453_M031_3C,LGRun1,M004453_M031_3C_GTCAGTCA_CGGCATTA,,
M004444_M031_2B,LGRun1,M004444_M031_2B_CCTTCCAT_CACGCAAT,,
M078007_M789_12C,LGRun1,M078007_M789_12C_CGAATACG_TTACCGAC,,
M007601_M064_2F,LGRun1,M007601_M064_2F_TCTAGGAG_AGTGACCT,,
M007625_M064_5F,LGRun1,M007625_M064_5F_TGCGTAAC_AGCCTATC,,
M004984_M036_11B,LGRun1,M004984_M036_11B_AGCGAGAT_CCAGTATC,,
M006760_M055_5E,LGRun1,M006760_M055_5E_GAATCACC_GAACGAAG,,
M006764_M055_6A,LGRun1,M006764_M055_6A_GTAAGGTG_CGAATTGC,,
M086821_M881_12B,LGRun1,M086821_M881_12B_TGGAAGCA_GAGAGTAC,,
M079054_M800_11B,LGRun1,M079054_M800_11B_CTCGAACA_GCAATTCC,,
M005583_M043_2A,LGRun1,M005583_M043_2A_AGCTACCA_GTCCTAAG,,
M005592_M043_3B,LGRun1,M005592_M043_3B_CAGCATAC_GCGTTAGA,,
M006773_M055_7B,LGRun1,M006773_M055_7B_CGTATCTC_CAAGGTAC,,
M006766_M055_6C,LGRun1,M006766_M055_6C_TTACGTGC_AGACCTTG,,
M079076_M801_1H,LGRun1,M079076_M801_1H_CTTCACTG_CTTAGGAC,,
M086826_M881_12G,LGRun1,M086826_M881_12G_CTTCGGTT_AACCAGAG,,
M004526_M031_12D,LGRun1,M004526_M031_12D_GATAGCCA_CAACACAG,,
M077113_M779_10D,LGRun1,M077113_M779_10D_CCACAACA_GTACCACA,,
M006800_M055_10E,LGRun1,M006800_M055_10E_GTGCACGA_TGATAGGC,,
M004989_M036_11G,LGRun1,M004989_M036_11G_ATGTTCCT_TCAGCGCC,,
M004983_M036_11A,LGRun1,M004983_M036_11A_CATTATGG_AGTCACAT,,
M079191_M802_4C,LGRun1,M079191_M802_4C_AACACCAC_GGTGTGAG,,
M079205_M802_6A,LGRun1,M079205_M802_6A_ACCTCTTC_CTTGCATA,,
M079957_M810_4A,LGRun1,M079957_M810_4A_GTCCGATC_GCCAATCC,,
M079946_M810_2F,LGRun1,M079946_M810_2F_CGCTCTTA_CATACCGT,,
M080026_M810_12F,LGRun1,M080026_M810_12F_CTGAGCTC_ATCAGAGC,,
M079258_M802_12F,LGRun1,M079258_M802_12F_ACGAATCC_ATTACCCA,,
M079248_M802_11D,LGRun1,M079248_M802_11D_GTCTGAGT_GACTTGTG,,
M079251_M802_11G,LGRun1,M079251_M802_11G_CCTAAACT_ACGAGGAG,,
M078752_M797_9D,LGRun1,M078752_M797_9D_TGTCACAC_TAATCTCG,,
M078764_M797_10H,LGRun1,M078764_M797_10H_GATATGAA_TACGGCAG,,
M078780_M797_12H,LGRun1,M078780_M797_12H_AAGTGTGG_TGCCCATC,,
M004182_M028_5D,LGRun1,M004182_M028_5D_GTTGGCGT_CAGCAGTC,,
M004147_M028_1A,LGRun1,M004147_M028_1A_TAGCTGGC_TACCGGCT,,
M077089_M779_7D,LGRun1,M077089_M779_7D_GACTTGTG_GTGCACGA,,
M077920_M789_1D,LGRun1,M077920_M789_1D_CAGGTAAG_CTCGAAAT,,
M076816_M776_9C,LGRun1,M076816_M776_9C_AAGGAGAC_CTCACAAC,,
M076851_M777_1F,LGRun1,M076851_M777_1F_AGTCAGGT_GTAACCAC,,
M078169_M791_8E,LGRun1,M078169_M791_8E_ACCGTAAG_CATATCCA,,
M079547_M805_12G,LGRun1,M079547_M805_12G_TTCAATAG_TCCCACGA,,
M079484_M805_4H,LGRun1,M079484_M805_4H_GTTTGCTC_ACCAACAG,,
M079485_M805_5A,LGRun1,M079485_M805_5A_AGAAGCCT_GTCAGTAT,,
M004479_M031_6E,LGRun1,M004479_M031_6E_CTAGGTTG_ATTCGAGC,,
M004487_M031_7E,LGRun1,M004487_M031_7E_TGTGTCAG_CACCTGTA,,
M004477_M031_6C,LGRun1,M004477_M031_6C_AGAACCAG_CCGACTCT,,
M004225_M028_10G,LGRun1,M004225_M028_10G_ATTGGACA_TTGCTGGA,,
M004226_M028_10H,LGRun1,M004226_M028_10H_ACCCGTTG_CAGCTTCG,,
M007878_M067_1C,LGRun1,M007878_M067_1C_ACCGGAGT_AAGGAAGG,,
M007766_M065_11C,LGRun1,M007766_M065_11C_CTTGACGA_GCACACAA,,
M007450_M062_7G,LGRun1,M007450_M062_7G_CACTAGAC_TGAGGACT,,
M007456_M062_8E,LGRun1,M007456_M062_8E_TTGCGTTA_TTCCCGAA,,
M076895_M777_7B,LGRun1,M076895_M777_7B_CCTATGCA_GAGTCGAT,,
M076891_M777_6F,LGRun1,M076891_M777_6F_CAACCGAG_TACCTGTG,,
M007907_M067_4H,LGRun1,M007907_M067_4H_TCAGCGCC_ATGTTCCT,,
M007908_M067_5A,LGRun1,M007908_M067_5A_AGTCACAT_CATTATGG,,
M007902_M067_4C,LGRun1,M007902_M067_4C_CCTTTCAC_TCTTGTTT,,
M076176_M770_1C,LGRun1,M076176_M770_1C_CTTTCCCT_GGCTTACT,,
M076692_M775_5G,LGRun1,M076692_M775_5G_GACAATTC_ACGATATG,,
M076706_M775_7E,LGRun1,M076706_M775_7E_ACACGACT_ATCCGCAG,,
M086592_M879_7E,LGRun1,M086592_M879_7E_CCTGTCAA_ATGGCTGT,,
M086603_M879_8H,LGRun1,M086603_M879_8H_CCATCCGC_AAGGCGTA,,
M007742_M065_8C,LGRun1,M007742_M065_8C_GGTGTGAG_AACACCAC,,
M006803_M055_10H,LGRun1,M006803_M055_10H_CTTGCATA_ACCTCTTC,,
M006806_M055_11C,LGRun1,M006806_M055_11C_GCCAATCC_GTCCGATC,,
M006807_M055_11D,LGRun1,M006807_M055_11D_ATGCCGGT_GAGGACCA,,
M004955_M036_7E,LGRun1,M004955_M036_7E_CATACCGT_CGCTCTTA,,
M078766_M797_11B,LGRun1,M078766_M797_11B_ATGGCTGT_CCTGTCAA,,
M078771_M797_11G,LGRun1,M078771_M797_11G_AAGGCGTA_CCATCCGC,,
M086735_M881_1D,LGRun1,M086735_M881_1D_TACGGCAG_GATATGAA,,
M076702_M775_7A,LGRun1,M076702_M775_7A_CAGCAGTC_GTTGGCGT,,
M076712_M775_8C,LGRun1,M076712_M775_8C_TACCGGCT_TAGCTGGC,,
M079477_M805_4A,LGRun1,M079477_M805_4A_CTCGAAAT_CAGGTAAG,,
M077119_M779_11B,LGRun1,M077119_M779_11B_GAGTCGAT_CCTATGCA,,
M077120_M779_11C,LGRun1,M077120_M779_11C_TACCTGTG_CAACCGAG,,

